{
  "training_results": {
    "train_losses": [
      1.322213848431905,
      1.303572952747345,
      1.301280419031779,
      1.300815761089325,
      1.2797821760177612,
      1.3221711715062459,
      1.2998765110969543,
      1.2912958065668743,
      1.3011599977811177,
      1.2375530203183491,
      1.1506685813268025,
      1.2112929026285808,
      1.123783787091573,
      1.1288010279337566,
      1.0921858251094818,
      1.0915181040763855,
      1.1143896281719208,
      1.1129010021686554,
      1.1110576589902241,
      1.132894515991211,
      1.1816502809524536,
      1.0929691592852275,
      1.0779480338096619,
      1.070465127627055,
      1.1125595569610596,
      1.1012038091818492,
      1.1407297054926555,
      1.1111823519070942,
      1.0930655996004741,
      1.092180182536443,
      1.0929446816444397,
      1.0925462742646534,
      1.1106574932734172,
      1.0923346777757008,
      1.1109007795651753,
      1.1017594933509827,
      1.1197394927342732,
      1.173698902130127,
      1.1591618061065674,
      1.0729523698488872,
      1.1155619621276855,
      1.10747363169988,
      1.0558066666126251,
      1.0659905672073364,
      1.0853381752967834,
      1.0928790668646495,
      1.0736446579297383,
      1.103811224301656,
      1.053905834754308,
      1.0484182635943096
    ],
    "val_accuracies": [
      0.5454545454545454,
      0.5454545454545454,
      0.5454545454545454,
      0.5454545454545454,
      0.5454545454545454,
      0.5454545454545454,
      0.5454545454545454,
      0.5454545454545454,
      0.5454545454545454,
      0.45454545454545453,
      0.5454545454545454,
      0.5454545454545454,
      0.2727272727272727,
      0.45454545454545453,
      0.45454545454545453,
      0.45454545454545453,
      0.45454545454545453,
      0.45454545454545453,
      0.45454545454545453,
      0.45454545454545453,
      0.45454545454545453,
      0.5454545454545454,
      0.45454545454545453,
      0.5454545454545454,
      0.45454545454545453,
      0.6363636363636364,
      0.6363636363636364,
      0.5454545454545454,
      0.45454545454545453,
      0.45454545454545453,
      0.45454545454545453,
      0.45454545454545453,
      0.45454545454545453,
      0.45454545454545453,
      0.45454545454545453,
      0.5454545454545454,
      0.5454545454545454,
      0.5454545454545454,
      0.5454545454545454,
      0.45454545454545453,
      0.45454545454545453,
      0.45454545454545453,
      0.5454545454545454,
      0.5454545454545454,
      0.5454545454545454,
      0.6363636363636364,
      0.6363636363636364,
      0.6363636363636364,
      0.6363636363636364,
      0.6363636363636364
    ],
    "best_val_accuracy": 0.6363636363636364,
    "final_train_loss": 1.0484182635943096
  },
  "experiment_name": "experiment_20250927_102054",
  "checkpoint_path": "checkpoint/orchestrator.pth"
}